name,price,status,shipping,free_returns,items_sold
Massive Squishable Venus Flytrap,15800,Brand New,0,False,
Nat and Jules Smiling Louis The Lion Children's Plush Stuffed Animal Toy,1132,Brand New,0,False,
"Handmade Mini Bunny Hug Cute Easter Gift with Card, 2026 New Soft Plush Rabbit M",4377,Brand New,0,True,
"Angry Rabbit Plush Toy, 30cm Large Size Stuffed Bunny, Grumpy Cute Plush Doll*",1462,Brand New,0,False,
Punch Orangutan Djungeskog Brown Ikea Plush 26in Punch Monkey Plush-US,2000,Brand New,0,False,
JellyCat Malachy Dragon Large Soft Plush Toys Stuffed Animal 22 in 55cm,2699,Brand New,0,False,
"JELLY Timmy Turtle Stuffed Animal: 12"" Ultra-Soft Plush, Perfect Kids' Gift-",2645,Brand New,0,True,
"Dorit Duckling Plush Stuffed Animal Soft, Fluffy, Cute",1669,Brand New,0,False,
Ceci Plush Donkey- Plush Stuffed Animal,2900,,,False,
"Huggle Healers Sloth Weighted Stuffed Animals for Adults and Kids 4.5 lbs  38""",5699,,,False,
"Regit The Plush Tiger Toy, 17in Tall Striped Sitting Tiger Stuffed Animal",3999,,,False,80
Cecil the Chicken Plush Toy - Super Soft & Cuddly Stuffed Animal,1399,,,False,
"Ikea 8"" Djungelskog Small Monkey Orangutan Plush Stuffed Brown Animal Toy New",2799,,,False,58
New ALLIGATOR 16 Inch Stuffed Animal Plush Toy,1395,,,False,299
New ANIMAL DEN HYENA 10 Inch Stuffed Animal Plush Toy,1395,,,False,536
New POLAR BEAR 8 inch Stuffed Animal Plush Toy WHITE,1395,,,False,151
"17.7"" Ted 2 Movie Teddy Bear w/Apron Plush Soft Stuffed Animals Plush Toy Gift",2999,Brand New,0,False,
Punch Orangutan Djungeskog Brown Ikea Plush 26in Punch Monkey Plush,2099,Brand New,0,False,
IKEA DJUNGELSKOG Orangutan Soft Toy - Brown - Brand New with Tags,3299,Brand New,0,True,
Derpy Blue Tiger Minhwa Plush Toy 20” Large Stuffed Animal Soft Pillow Kids Gift,4850,Brand New,0,False,
Derpy Blue Tiger Minhwa Plush - 7 Inch Plush,650,Brand New,0,False,
"9"" French Bulldog Stuffed Animal Realistic White Dog Plush Toy Puppy Doll Toys",2399,Brand New,0,False,
"Little Pig Plush Toy: 18cm/7"" Stuffed Animal Doll w/Dust Bag NWT HOT",2631,Brand New,599,False,
12.5'' Three Toed Sloth Plush Toy Soft Stuffed Animal Doll Lifelike Sloth Plush,1899,Brand New,0,False,
Reuben The Rat | 7 Inch Stuffed Animal Plush | By TigerHart Toys,999,Brand New,0,True,718
15'' Brown Plush Teddy Bear Stuffed Animals Toy For Kids Birthday Christmas Gift,1229,Brand New,0,True,
Punch Orangutan Djungeskog Brown Ikea Plush 26in Punch Monkey Plush CE,1796,Brand New,0,False,
"Ikea 8"" Djungelskog Mini Monkey Orangutan Plush Stuffed Brown Animal Toy",1299,Brand New,595,True,
New ALLIGATOR 16 Inch Stuffed Animal Plush Toy,1395,Brand New,0,True,
Lucas The Spider 6” Plush Stuffed Animal YouTube Toy Snuggle Edition NEW W/TAG,1399,Brand New,0,False,
Puppy Stuffed Animal Golden Retriever Dog Soft Plush Toy Birthday Gifts 20.8'',1225,Brand New,0,True,
"Fuggler Spin Master Sir Horns-A-Lot, Plush Ugly Monster Deluxe Stuffed Animal",1795,Brand New,0,True,251
Cecil the Chicken Plush Toy - Super Soft & Cuddly Stuffed Animal,1399,,0,False,
New ALLIGATOR 16 Inch Stuffed Animal Plush Toy,1395,,0,False,299
New POLAR BEAR 8 inch Stuffed Animal Plush Toy WHITE,1395,,0,False,151
Lucas The Spider 6” Plush Stuffed Animal YouTube Toy Snuggle Edition NEW W/TAG,1399,,0,False,111
New  9 inch ANIMAL DEN RHINO Stuffed Animal Plush Toy,1395,,0,False,140
"Angry Rabbit Plush Toy, 30cm Large Size Stuffed Bunny, Grumpy Cute Plush Doll*",1540,,0,False,
New GIRAFFE 9.5 inch Stuffed Animal Plush Toy,1395,,0,False,187
New 12 Inch STEGOSAURUS Dinosaur Stuffed Animal Plush Toy,1395,,0,False,216
12'' Teddy Bear Stuffed Animal Soft Plush Toy Baby Shower Valentine's Day Gift,987,Brand New,0,True,
"Scooby Doo Plush Stuffed Animal Exclusive Six Flags Parks 9"" Plush NWT USA SELL",1599,Brand New,0,False,
Poppy Playtime CatNap Bigger Bodies Plush 11.8in Stuffed Animal Toy,1999,Brand New,0,True,56
Wylie The White Rat | 7 Inch Stuffed Animal Plush | By TigerHart Toys,999,Brand New,0,True,234
NIB Baby Three 400% Double Reincarnation esLimited Edition White Collectables,9000,Brand New,0,False,
"Bass Pro Shops Catfish Plush 17"" Spring 2019 Retired Stuffed Animal Realistic",1499,Pre-Owned,595,False,
9.4'' Realistic Crow Plush Toy Cute Black Raven Plushie Soft Stuffed Animal Doll,1699,Brand New,100,False,
WITH TAGS Alpacasews charity cats orange tabby cat baked beans plush,1500,Pre-Owned,577,False,
RARE The Muppets Pepe The King Prawn Soft Toy Plush 14 Inches plush toy doll,2900,Brand New,200,False,91
Arrow The Tiger | 17 Inch Stuffed Animal Plush | By TigerHart Toys,2299,Brand New,0,True,777
"Timmy Turtle Stuffed Animal: 12"" Ultra-Soft Plush, Perfect Kids' Gift~",2598,Brand New,0,True,
NWT IKEA Orangutan “Punch Monkey” Plush 24” – Viral & Rare AUTHENTIC DJUNGELSKOG,4499,Brand New,549,False,111
Pokémon TCG: Nuzzle Cheeks Plush Toy Card Display Blind Box (Chinese),3199,Brand New,0,True,
New ANIMAL DEN HYENA 10 Inch Stuffed Animal Plush Toy,1395,Brand New,0,True,536
Tackle Football Palm Pals Plush Toy Small Brown Soft Huggable Figure 5.5 inches,1647,Brand New,0,False,
Bigo Live Pride Dino,250000,Brand New,0,False,
Large Emperor Penguin Plush Toy 14 inch tall Fiesta  Super Soft NWT,1999,Brand New,0,False,
16cm Cubone Plush Toy Soft Stuffed Doll Anime Cartoon Figure Kids Gift,1444,Brand New,0,False,
"Pokemon Jigglypuff Sleeping Kids' Plush Buddy 18"" - NWT",3399,Brand New,0,False,
"30CM IKEA AFTONSPARV Alien Plush - Green Kids' Favorite 13 ½"" Soft Toy Anime NEW",894,Brand New,0,False,
TGU Large Stuffed Animal Goose Swan Large Plush Animals Plush Toy Duck Stuffe,1499,Brand New,0,True,
New POLAR BEAR 8 inch Stuffed Animal Plush Toy WHITE,1395,Brand New,0,True,
"New in Box Fuggler Fart Face Munch Munch 9"" Funny Ugly Monster ZURU Toy Plush",2295,Brand New,695,False,
"New Peeps Plush 6"" Lavender Purple Chick Stuffed Animal Easter",1099,Brand New,0,False,
Douglas Parker Pigeon Bird Soft Plush Stuffed Animal Toy #1631,1195,Brand New,0,False,
2 Koala Bear Plush Clip On Pencil Huggers Australia Wildlife SUPER CUTE!!!!🐨🐨,1099,Brand New,0,False,
"Ludo Plush Stuffed Animal – 9.8"" Soft Toy from Labyrinth Movie | Free Shipping",4295,Brand New,0,False,
WILD REPUBLIC SKUNK CUDDLEKINS PLUSH STUFFED ANIMAL TOY KIDS GIFT 8 In. WR10886,1495,Brand New,0,True,
Lucas The Spider 6” Plush Stuffed Animal YouTube Toy Soft Brand NEW,617,Brand New,0,False,
Whitaker The Wolf | 18 Inch Stuffed Animal Plush | By TigerHart Toys,2499,Brand New,0,True,103
New HAMMER HEAD SHARK 19 inch Stuffed Animal Plush Toy,1395,Brand New,0,True,
IKEA Orangutan Punch Monkey Plush 24” NWT Viral 104.028.41 DJUNGELSKOG AUTHENTIC,3995,Brand New,0,False,
Tate The Tuxedo Cat | 14 Inch Stuffed Animal Plush | By TigerHart Toys,2299,Brand New,0,True,230
25cm Caylus Plush Toy Cute Cartoon Figure Plush Doll Game Character Plush Toys,999,Brand New,499,False,
Take-Off Rabbit Maron Holland Lop Black Plush Toy,2647,Brand New,1482,True,
Amethyst Boo - Bearhouse by Charlie Bears Troll Plush Character Stuffed Toy,5000,Brand New,1068,False,
NIB Baby Three 400% Double Reincarnation esLimited Edition White Collectables,9000,Brand New,0,False,
Soft Plush Mermaid Doll Inspired by Disney's Little Mermaid Live Action Movie,1868,Brand New,577,False,
WITH TAGS Alpacasews charity cats orange tabby cat baked beans plush,1500,Pre-Owned,577,False,
9.4'' Realistic Crow Plush Toy Cute Black Raven Plushie Soft Stuffed Animal Doll,1699,Brand New,100,False,
Cecil the Chicken Plush Toy - Super Soft & Cuddly Stuffed Animal,1089,Brand New,0,False,
Slideshop StanceStar Stuffed Star Shape Cuddly Plush Dolls Soft Doll Toys,2351,Brand New,0,False,
Punch Orangutan Djungeskog Brown Ikea Plush 26in Punch Monkey Plush,2489,Brand New,0,False,
IKEA DJUNGELSKOG Orangutan Soft Toy - Brown TL,1796,Brand New,0,False,
Lucas The Spider 6” Plush Stuffed Animal YouTube Toy Soft Brand NEW,617,Brand New,0,False,
Derpy Blue Tiger Minhwa Plush - 7 Inch Plush,650,Brand New,0,False,172
Derpy Blue Tiger Minhwa Plush Toy 20” Large Stuffed Animal Soft Pillow Kids Gift,4850,Brand New,0,False,
RARE The Muppets Pepe The King Prawn Soft Toy Plush 14 Inches plush toy doll,2900,Brand New,200,False,91
Reuben The Rat | 7 Inch Stuffed Animal Plush | By TigerHart Toys,999,Brand New,0,False,718
Lucas The Spider 6” Plush Stuffed Animal YouTube Toy Snuggle Edition NEW W/TAG,1399,Brand New,0,False,111
"Handmade Mini Bunny Hug Cute Easter Gift with Card, 2026 New Soft Plush Rabbit M",4377,Brand New,0,True,
Tackle Football Palm Pals Plush Toy Small Brown Soft Huggable Figure 5.5 inches,1647,Brand New,0,False,
15'' Brown Plush Teddy Bear Stuffed Animals Toy For Kids Birthday Christmas Gift,1229,Brand New,0,False,250
"Caltoy 16"" Purple Bunny",1300,Pre-Owned,872,False,
Rabbit Plush  Stuffed Animal Der Bär Kuschelweich Und Waschbar Brown White Clean,1699,Pre-Owned,599,False,
Puppy Stuffed Animal Golden Retriever Dog Soft Plush Toy Birthday Gifts 20.8'',1225,Brand New,0,False,212
Pokémon TCG: Nuzzle Cheeks Plush Toy Card Display Blind Box (Chinese),3199,Brand New,0,False,370
New ALLIGATOR 16 Inch Stuffed Animal Plush Toy,1395,Brand New,0,False,299
"Ikea 8"" Djungelskog Mini Monkey Orangutan Plush Stuffed Brown Animal Toy",1299,Brand New,595,False,259
"Thready Bear, Interactive 14"" Plush, 70+ Expressions & Reactions, Ages 3+, NEW",1199,Brand New,717,False,
"Scooby Doo Plush Stuffed Animal Exclusive Six Flags Parks 9"" Plush NWT USA SELL",1599,Brand New,0,False,
Tigey Daniel Tiger's Neighborhood 6.5 Inch Mini Plush Basic Plush Toy Figure NWT,1397,Brand New,0,False,167
12'' Teddy Bear Stuffed Animal Soft Plush Toy Baby Shower Valentine's Day Gift,987,Brand New,0,True,
"DISNEY PARKS JR THE LION KING LION GUARD BUNJA 10"" STUFFED ANIMAL PLUSH TOY",1150,Pre-Owned,636,False,
25cm Caylus Plush Toy Cute Cartoon Figure Plush Doll Game Character Plush Toys,999,Brand New,499,False,
Arrow The Tiger | 17 Inch Stuffed Animal Plush | By TigerHart Toys,2299,Brand New,0,False,777
Wylie The White Rat | 7 Inch Stuffed Animal Plush | By TigerHart Toys,999,Brand New,0,False,234
Bigo Live Pride Dino,250000,Brand New,0,False,
"Teddy Mountain 16"" Zombie Teddy Bear Stuffie Plush Craft Birthday recordable",3299,Brand New,0,False,
7.8inch Blueberry Plush Toy Soft Stuffed Berry Doll Smiling Fruit Plushies,1799,Brand New,0,False,
Take-Off Rabbit Maron Holland Lop Black Plush Toy,2647,Brand New,1482,False,
Tate The Tuxedo Cat | 14 Inch Stuffed Animal Plush | By TigerHart Toys,2299,Brand New,0,False,230
"Caltoy 16"" Purple Bunny",1300,Pre-Owned,872,False,
Adventure Planet Plush Animal Den - COATI MUNDI Raccoon (10 inch),999,Brand New,0,False,
New River Otter 12 inch Stuffed Animal Plush Toy,1395,Brand New,0,False,335
New POLAR BEAR 8 inch Stuffed Animal Plush Toy WHITE,1395,Brand New,0,False,151
New Sealed Squishy Highland Cow New Release TikTok Viral Rare Sold Out,1950,Brand New,562,False,
"Zootopia Judy Hopps Plush 14"" Stuffed Rabbit Character Toy",1999,Brand New,0,True,
"8"" Rainbow Splatter Spider. Soft, Furry Plush With Hard Eyes. Stuffed Animal.",1799,Brand New,0,False,
Pokémon TCG: Nuzzle Cheeks Plush Toy Card Display Blind Box (Chinese),3199,Brand New,0,False,370
"DISNEY PARKS JR THE LION KING LION GUARD BUNJA 10"" STUFFED ANIMAL PLUSH TOY",1150,Pre-Owned,636,False,
Amethyst Boo - Bearhouse by Charlie Bears Troll Plush Character Stuffed Toy,5000,Brand New,1068,False,
Soft Plush Mermaid Doll Inspired by Disney's Little Mermaid Live Action Movie,1868,Brand New,577,False,
RAGATHA The Amazing Digital Circus 8” Plush Official Moose Licensed w/TAGS 2025,2244,Brand New,0,False,
Rabbit Plush  Stuffed Animal Der Bär Kuschelweich Und Waschbar Brown White Clean,1699,Pre-Owned,599,False,
Lucas The Spider 6” Plush Stuffed Animal YouTube Toy Soft Brand NEW,617,Brand New,0,False,
"Megalograptus Sea Scorpion 17"" Stuffed Animal Plush Toys Toddler Doll Kids Gifts",2999,Brand New,0,False,
Douglas Cuddle Toys Spud Mixed Breed Mutt Dog #3980 Stuffed Animal Toy,1345,Brand New,0,False,102
"Disney Winnie The Pooh owl 7"" Plush NWT USA SELLER",1399,Brand New,0,False,
Bunny Toy for Kids Hopping Walking Rabbit Toy Interactive Realistic Wiggling Ear,1099,Brand New,0,True,
"30CM IKEA AFTONSPARV Alien Plush - Green Kids' Favorite 13 ½"" Soft Toy Anime NEW",894,Brand New,0,False,165
Pillow Pets Teenies puppy dog plush keychain.,2300,Pre-Owned,500,False,
"JUST BORN Pastel Rainbow PEEPS BUNNY Fuzzy 9"" Plush",1499,Pre-Owned,0,False,
Adopt Me! Pets Cow Plush Animal Uplift Games 2023 Roblox Stuffed Toy NEW w/ CODE,1199,Brand New,400,False,56
"Galerie Pastel Rainbow Plush Llama Alpaca Stuffed Animal 7""",900,Pre-Owned,0,False,
IKEA DJUNGELSKOG Orangutan Soft Toy - Brown (104.028.41) Monkey Plush Toys Gifts,2545,Brand New,399,False,
Martin The Moose | 11 Inch Stuffed Animal Plush | By TigerHart Toys,1999,Brand New,0,True,
WILD REPUBLIC SKUNK CUDDLEKINS PLUSH STUFFED ANIMAL TOY KIDS GIFT 8 In. WR10886,1495,Brand New,0,False,
"Ikea 8"" Djungelskog Small Monkey Orangutan Plush Stuffed Brown Animal Toy New",2799,Brand New,0,False,58
Soft Elephant Plush Toys Stuffed Elephant Plush Animal Toy 24 INCH,1799,Brand New,0,False,
30CM Large Angry Rabbit Plush Toy Kawaii Bunny Doll Soft Stuffed Animal Gift,1699,Brand New,0,False,
"7"" Scolipede Plush Soft Stuffed Doll Toy",980,Brand New,0,False,
"Piranha Fish Print Pillow Plush Toy 14"" Stuffed Animal Toddler Kids Doll",945,Brand New,0,False,
"Caltoy 16"" Purple Bunny",1300,Pre-Owned,872,False,
"CHELEI2019 27.6"" Monkey Plush Stuffed Animal,Hanging Stuffed Animal Monkey with",1773,Brand New,0,True,
"ADORE 15"" Gruff the Goat Plush Stuffed Animal Toy",2299,Brand New,0,False,397
"Giant Alligator Stuffed Animal, 67inch Soft Large Alligator Plush Toy, Big St...",7006,Brand New,0,True,
New 12 Inch STEGOSAURUS Dinosaur Stuffed Animal Plush Toy,1395,Brand New,0,True,
Brand New Sealed With Tags Official Squishable Heart Large Pillow Plush,2999,Brand New,1130,False,
Malachy Dragon - RARE - NWT - Stunning Toys Medium Plush Toys**,2499,Brand New,0,True,
"FAO Schwarz 15"" Sloth Cuddly Stuffed Animal Plush",1299,Brand New,0,False,
"EOS Vanilla Cashmere Purple Lotion Bottle 9.5"" Furry Stuffed Plush Toy Zuru NWT",1499,Brand New,0,False,
"Ludo Plush Stuffed Animal – 9.8"" Soft Toy from Labyrinth Movie | Free Shipping",4599,Brand New,0,False,
Kreepy Baraz Captain Gold Toof Multicolor Stuffed Animal Plush Toy 2022,1300,Brand New,746,False,
New Yarnaby Plush Colorful Lion Plush Toy Doll Harley Sawyer Anime Animal Figure,3699,Brand New,0,True,
Douglas Cuddle Toys Spud Mixed Breed Mutt Dog #3980 Stuffed Animal Toy,1345,Brand New,0,False,102
Drevnar The Dragon | 29 Inch Stuffed Animal Plush | By TigerHart Toys,3699,Brand New,0,True,142
Squirrel Stuffed Animal Plush keychain 4-Inch,1543,Brand New,0,False,
"Shadow 16"" White Wolf Douglas Cuddle Grey White Plush Stuffed Animal coyote",4450,Brand New,0,True,81
Disney Parks Ratatouille - Chef Remy Big Feet 14” Plush Toy Stuff Animal Toy,3699,Brand New,0,True,
"Angry Rabbit Plush Toy, 30cm Large Size Stuffed Bunny, Grumpy Cute Plush Doll*",1540,Brand New,0,False,
New  9 inch ANIMAL DEN RHINO Stuffed Animal Plush Toy,1395,Brand New,0,True,
IKEA RARE LARGE AUTHENTIC DJUNGELSKOG Orangutan Plush Soft Toy 24in SHIPS FAST,4800,Brand New,0,False,16
"30CM IKEA AFTONSPARV Alien Plush - Green Kids' Favorite 13 ½"" Soft Toy Anime NEW",760,Brand New,0,False,
IKEA DJUNGELSKOG Orangutan Soft Toy Brown Plush Monkey 104.028.41 w/Tags-NEW,4499,Brand New,0,False,
43.3in Flamingo Stuffed Animal Plush Pillow Cute Giant Plush Toy Soft Hugging Pi,1799,Brand New,0,True,
Cute Soothing Malachy Dragon Large Soft Plush Toys Stuffed Animal 22 in 55cm,2699,Brand New,0,False,
Pepe The Frog Sad Frog Plush Stuffed Animal Toy Stuffed Animal Doll Cuddles NEW,2099,Brand New,0,False,
"20cm Dart Monkey Plush Toy, Bloons TD Monkey Stuffed Doll, Cute Game Gift**",1490,Brand New,0,False,
Large Size Angry Rabbit Plush Toy Cute Animal Plushie Doll Stuffed Soft Gif 30CM,1299,Brand New,499,False,
"Fuggler Spongebob Squarepants 9"" Plush - Spongebob",2699,Brand New,0,True,
Stuffed Animal Hammock Net JUMBO Toy Storage with LED Light Corner Organizer,995,Brand New,0,True,
New Sealed Squishy Highland Cow New Release TikTok Viral Rare Sold Out,2699,Brand New,0,False,
Lucas The Spider 6” Plush Stuffed Animal YouTube Toy Soft Brand NEW!,1349,Brand New,0,False,
ZURU FUGGLER X THE POWER PUFF GIRLS BLOSSOM 9 INCH PLUSH NEW IN BOX,2495,Brand New,0,False,
Douglas Cuddle Meadow the Border Collie #4009 Plush Stuffed Animal Toy,1345,Brand New,0,False,
Levlovs Astronaut Mouse Stuffed Animal｜Linen Mouse Toy｜Mouse Family｜Cotton Mous,3159,Brand New,0,False,
Auswella Plush Australian Shepherd Plush Stuffed Animal,7999,Brand New,0,False,
Soft Cuddly Plush Fruit/Vegetable -CauliFlower,1699,Brand New,425,False,
"Douglas Yettie Yorkie Plush Toy Dog Stuffed Animal 12"" Yorkshire Terrier Puppy",2195,Brand New,0,False,150
Cthulhu 16 Inch Large Character Plush,2898,Brand New,0,True,
Blizzcon Mei Overwatch Pachimari X Character Plush Stuffed Animal Blizzard,1699,Brand New,1205,True,
"10.63"" Hollow Knight Plush Toy Soft Stuffed Animal Cartoon Game Hollow Perfect.",1099,Brand New,0,False,
Douglas Cuddle Toys Ramsey Gray Spotted Bunny Rabbit #14862 Stuffed Animal Toy,4195,Brand New,0,False,
Lucas The Spider 6” Plush Stuffed Animal YouTube Toy Soft Brand NEW*,739,Brand New,0,False,
New Minecraft Axolotl Plush Light Blue 10” Toy Factory 2025,2000,Brand New,,False,
"Eve Bean Bag Soft Plush Toy 7"" NWT USA SELLER",1299,Brand New,0,False,26
"Vida the Vet - Koa the Tiger 7.5"" Plush - NEW W/TAGS",295,Brand New,516,False,
Gabby's Dollhouse Pandy Paws Plush Toy,1099,Brand New,0,False,23
Kitten Cat 5 Inch Stuffed Animal Plush Toys Toddler Doll Kids Gifts,1099,Brand New,0,False,
New Amuseables Horatio Pistachio Toy Doll Plush Soft Food Doll,899,Brand New,0,False,
Disappearing Guy Digital Circus Glitch Plush Plushie Doll NWT,2000,Brand New,,False,12
Wemmbu Plush Toys Game 20cm Plushies Stuffed Doll Soft Pillow Cuddly Gifts,1681,Brand New,0,False,
"Douglas Toys Demi Purple Dragon Fly Plush Stuffed Animal Toy, 12""",1695,Brand New,0,True,
Ola The Ostrich | 12 Inch Stuffed Animal Plush | By TigerHart Toys,1999,Brand New,0,True,94
Lambs & Ivy Interactive Blue Camper/RV Plush with Stuffed Animal Toys,3799,Brand New,0,False,
"Timmy Turtle Stuffed Animal: 11"" Ultra-Soft Plush, Perfect Kids' Gift!",2899,Brand New,0,False,
Punch Orangutan Djungeskog Brown Ikea Plush 60cm Punch Monkey Plush,2499,Brand New,0,False,
"RI 7"" Heirloom Buddy Hyena",1979,Brand New,0,False,
"New Angry Rabbit Plush Toy 30cm Large Size Stuffed Bunny, Grumpy Cute Plush Doll",1550,Brand New,0,True,
Punch Orangutan Djungeskog Brown Ikea Plush 26in Punch Monkey Plush-US,1999,Brand New,0,False,
Kreepy Baraz Captain Gold Toof Multicolor Stuffed Animal Plush Toy 2022,1300,Brand New,746,False,
Lucky Charms 14 Inch Packaging Plush Soft Stuffed Toy Decorative Pillow,4997,Brand New,0,False,
Casey The Cheetah | 12 Inch Stuffed Animal Plush | By TigerHart Toys,2499,Brand New,0,True,
Adorable Authentic Medium Blossom Blush Bunny Cherry Plush Toy NWT /Dust Bag,1799,Brand New,0,False,
Chase Border Collie Dog Plush Stuffed Animal | 16-Inch,5166,Brand New,0,False,
Pammie Palm Tree Plush Toy W/o Tags & With Dust Bag,3099,Brand New,0,False,
"7"" Scolipede Plush Soft Stuffed Doll Toy",1099,Brand New,0,False,
New USA American Astronaut 14” Stuffed Plush Toy – Space Explorer Plush for Kids,1395,Brand New,0,True,
Redtail Catfish Fish 21 Inch Stuffed Animal Plush Toy Toddler Doll Kids Gifts,2549,Brand New,0,False,
"28 cm Giant Frog Plush Toy Soft, Cuddly Stuffed Animal for Kids & Frog Lover*",1320,Brand New,0,False,
IKEA DJUNGELSKOG Orangutan Soft Toy - Brown (104.028.41),2700,Brand New,1100,False,95
Cute Turtle Plush Toy Romantic Outfit Stuffed Animal Gift Soft Plush Doll,1999,Brand New,0,False,
"Gabby’s Dollhouse 10"" Cat Plush Pillow – Purr-fect Stuffed Animal Plushie Doll",999,Brand New,0,False,40
Eco Pals T-Rex by Wildlife Artists Eco Stuffed Animal Plush Toy,1495,Brand New,0,True,
Pillow Pets Teenies puppy dog plush keychain.,2300,Pre-Owned,500,False,
Punch Orangutan Djungeskog Brown Ikea Plush 26in Punch Monkey Plush,1895,Brand New,0,False,
"Amber 12"" Red Fox Douglas Cuddle Plush Stuffed Animal Kit Vixen",1795,Brand New,0,True,
Cloud Island Rocket Plush Stuffed Animal Soft Neutral Colors NWT,1274,Brand New,0,False,
25cm New Foltyn Family Standard Plush Toy Anime Plush Toy Plush Toy Stuffed,1500,Brand New,0,False,
"Pokemon 18"" Sleeping Plush Teddiursa",1799,Brand New,0,True,1511
Squirm Dandy Worm Plush - Handmade Dandy's World Plush Toy 20CM,4172,Brand New,0,False,
Owen The Sea Otter | 13 Inch Stuffed Animal Plush | By TigerHart Toys,1999,Brand New,0,True,85
"ADORE 13"" Reed the Mallard Duck with Duckling Plush Stuffed Animal Toy",2699,Brand New,0,False,52
LACHLAN SAD RAT Plush Soft Stuffed Toy - Authentic NWT,2399,Brand New,0,False,
Iscream Starburst Plush Stuffed Animal with Miniplush toys,1529,Brand New,0,False,
"Angry Rabbit Plush Toy, 30cm Large Size Stuffed Bunny, Grumpy Cute Plush Doll*",1720,Brand New,0,False,
Punch Orangutan Djungeskog Brown Ikea Plush 60cm Punch Monkey Plush,2499,Brand New,0,False,
30CM Large Angry Rabbit Plush Toy Kawaii Bunny Doll Soft Stuffed Animal Gift,1699,Brand New,0,False,
18cm Derpy Tiger Plush Toy Funny Stuffed Animal Cute Gift Kids Collectors,873,Brand New,0,False,
Realistic Lifelike Plush Raccoon Toy Fur Furry Animal Doll Gift Model Decor NEW,1998,Brand New,0,True,
"Buddie 16"" Iguana Soft Douglas Stuffed Animal Plush Reptile Lizard Toy Aboreal",2595,Brand New,0,True,
25cm Strawberry  Rabbit Plush Toy | Cute Bunny Stuffed Doll,949,Brand New,199,False,
28cm Highland Cow Plush Doll Baby Stuffed Animal Soft Toys Scottish Cow New-USA,1489,Brand New,0,False,674
"WILD REPUBLIC PEACOCK CUDDLEKINS PLUSH STUFFED ANIMAL TOY KIDS GIFT 8"" WR13811",1695,Brand New,0,True,
Kitten Cat 5 Inch Stuffed Animal Plush Toys Toddler Doll Kids Gifts**,950,Brand New,0,False,
25cm Amuseables Sandcastle Plush 11.8″ – Soft Stuffed Toy + Plush toys,2000,Brand New,0,False,
Punch Orangutan Djungeskog Brown Ikea Plush 66cm Punch Monkey Plush,2997,Brand New,0,False,
Jellycat Heart Dragon Plush Valentine Limited Edition NWT Stunning Medium Toys,4599,Brand New,0,False,
Billy The Bison | 10 Inch Stuffed Animal Plush | By TigerHart Toys,1699,Brand New,0,True,74
Iscream Haribo Plush Stuffed Animal,1799,Brand New,0,False,
Jellycat Plush Lavender Dragon Purple NWT-Christmas gifts,3999,Brand New,0,False,
"Pokemon 18"" Sleeping Plush Jolteon Stuffed Animal",3999,Brand New,0,True,
25cm Caylus Plush Toy Cute Cartoon Figure Plush Doll Game Character Plush Toys,1257,Brand New,0,False,
"New Squishmallows Hug Mees Bluey Small 6"" Ultra Soft Plush Stuffed Animal",1199,Brand New,0,True,
"Aurora Sprinkles Dragon 7"" Plush Toy Animal",923,Brand New,0,True,
Punch Orangutan Djungeskog Monkey 26 inch IKEA with Tags REAL NOT FROM CHINA,3999,Brand New,599,False,
Punch Orangutan Djungeskog Brown Ikea Plush 26in Punch Monkey Plush,2489,Brand New,0,True,
National Geographic Kids Small Plush Eurasian Otter Stuffed animal,925,Brand New,0,False,
FUGGLER X JAWS 50th Anniversary - Ugly Monster- Zuru Shark Plush,1996,Brand New,651,False,
"Blessing Otter Plush Toy 12"" Stuffed Animal Toddler Doll Gift for Kids",1995,Brand New,0,False,
Maned Wolf Plush,4500,Brand New,619,False,
"Highland Cow Yak 10"" Stuffed Animal Plush Toys Toddler Doll Kids Gifts",749,Brand New,0,True,
"Jazwares Pokemon 12"" Venusaur Large Plush PKW4498 New with Tags NWT 🦎",2998,Brand New,0,False,
"Punch Monkey Stuffed Animal 9.8"" Soft Plush Toy Cute Cuddly Monkey Doll",3669,Brand New,999,False,
Adorable Authentic Medium Blossom Blush Bunny Cherry Plush Toy NWT /Dust Bag,2399,Brand New,0,False,38
"Fiesta Toys 14"" White Jellyfish Glittered Plush Stuffed Animal Toy",1500,Brand New,0,True,
New Yarnaby Plush Colorful Lion Plush Toy Doll Harley Sawyer Anime Animal Figure,4099,Brand New,0,False,
Gabby Dollhouse Plush Cat Car Stuffed Animal Doll Toy Birthday For Kids Gifts,1495,Brand New,0,False,
"IKEA  SANDLÖPARE Chimpanzee  12 ½ "" Soft Plush Stuffed Animal NEW New In Hand",3099,Brand New,0,False,
Large Size Angry Rabbit Plush Toy Cute Animal Plushie Doll Stuffed Soft Gif 30CM,1299,Brand New,499,False,
"EOS Vanilla Cashmere Purple Lotion Bottle 9.5"" Furry Stuffed Plush Toy Zuru NWT",1499,Brand New,0,False,
Drevnar The Dragon | 29 Inch Stuffed Animal Plush | By TigerHart Toys,3699,Brand New,0,True,142
"Jurassic World Rebirth 7"" Plush Aquilops",1995,Brand New,0,False,
"Hucul Pony Horse Plush Toy 12"" Stuffed Animal Toddler Doll Gift for Kids",1776,Brand New,0,False,
"How To Train Your Dragon Gronckle Plush Stuffed Animal 9"" NWT",999,Brand New,699,False,
"9"" Burger Plush Toy Stuffed Animal Soft Squishy Hamburger Food Pillow Kids Gift",898,Brand New,0,True,
New Jellycat X Brown Thomas Blaithnaid Bunny Ireland Exclusive BNWT 💚🍀,15945,Brand New,,False,
"Adorable Plush EMPEROR PENGUIN Stuffed Animal - by Douglas Cuddle Toys 7"" Tall",899,Pre-Owned,539,False,
28cm Highland Cow Plush Doll Baby Stuffed Animal Soft Toys Scottish Cow New-USA,1489,Brand New,0,False,674
Adorable Authentic Medium Blossom Blush Bunny Cherry Plush Toy NWT /Dust Bag,1799,Brand New,0,False,
"MorisMos Giant Teddy Bear 4 Feet, Cute Big Teddy Bear Plush 47inch",3999,Brand New,0,False,
Rusty Robot Stuffed Animal Plushty,3500,Brand New,746,False,120
"Plushies Ty And Salvino’s Bammers Brands, Most With Tags As Seen In Pictures Lot",3500,Pre-Owned,719,False,
"30"" Hug-A-Lumps Weighted Plush Hippo Series 2 Giant Stuffed Animal NWT",6899,Brand New,0,False,
"Elephant & Piggie: Plush Toy, MO Willems",2196,Brand New,0,False,
White Bunny Plush Rabbit Stuffed Animal Soft Toy Cute Corduroy Doll 25cm,1999,Brand New,0,True,
Wild Republic Jaguar Leopard Cub Stuffed Animal,2000,Pre-Owned,0,False,
Bunny Toys for Kids Realistic Rabbit Toys with Jumping Action Wiggling Ears New,999,Brand New,0,True,
Sitting Baby Tiger 9 Inch Stuffed Animal Plush Toys Toddler Doll Kids Gifts,1439,Brand New,0,False,
Douglas Cuddle Toys Brushy the Hamster # 1511 Stuffed Animal Toy,1145,Brand New,0,False,
"Punch Monkey Stuffed Animal 9.8"" Soft Plush Toy Cute Cuddly Monkey Doll",3669,Brand New,999,False,
Bunny Easter Rabbit Coin Purse Pouch Yellow Smiley Face Plush Stuffed Animal Toy,1299,Pre-Owned,0,False,
New Amuseables Horatio Pistachio Toy Doll Plush Soft Food Doll,899,Brand New,0,False,
"ADORE 12"" Gizmo the Chinchilla Stuffed Animal Plush Toy",2499,Brand New,0,False,249
Animal Adventure Beige Bear  Plush 2004 Stuffed Animal toy 17” Pillow,1595,Pre-Owned,695,False,
Lambs & Ivy Interactive Blue Camper/RV Plush with Stuffed Animal Toys,3799,Brand New,0,False,
DJUNGELSKOG Orangutan Soft Toy 66cm Plush Stuffed Animal Hanging Monkey Dolls,1899,Brand New,200,False,
Pepe The Frog Sad Frog Plush Stuffed Animal Toy Stuffed Animal Doll Cuddles NEW,2099,Brand New,0,False,
"10"" Yarnaby Smiling Devil Lion Plush Toy Cute Horror Character Gift",3199,Brand New,0,False,
Play-By-Play Unisex Kids Plush Bear Brown Realistic Standing Grizzly Animal,1499,Pre-Owned,643,True,
Build-A-Bear Workshop Pokémon Charmander plush Stuffed Animal Toy 14” Collect,2999,Pre-Owned,683,False,
"Iscream Twizzlers Plush: Stuffed Toy, Food-Themed with Mini Plush inside- New!!",1400,Brand New,0,False,
Cloud Island Rocket Plush Stuffed Animal Soft Neutral Colors NWT,1274,Brand New,0,False,
"30cm Black Cat Plush Toy, Cute Soft Stuffed Animal, Gift for Cat Lovers & Kids",1399,Brand New,0,False,
"Spark Create Imagine Big Kitty Cat Plush Stuffed Animal 14"" Sitting Pastel Blue",1584,Pre-Owned,846,False,
Nightmare Critters Plush Toy Doll Soft Stuffed Animal Birthday Halloween Gift,5499,Brand New,0,True,
25cm Pressure Deep Sea Bunny Plush Toys Stuffed Animals Birthday Gifts,1899,Brand New,0,False,
Hello Kitty Squishmallow & Plush Lot of 7 – Collectible Soft Toys,1795,Pre-Owned,1041,True,
Punch Orangutan Djungeskog Brown Ikea Plush 26in Punch Monkey Plush,2698,Brand New,0,True,
Owen The Sea Otter | 13 Inch Stuffed Animal Plush | By TigerHart Toys,1999,Brand New,0,True,85
"Kohl's Cares Doll 18"" Diary of a Wimpy Kid Greg Heffley DOLL NEW NWT",999,Brand New,539,False,
"Saturn  V  Rocket Plush Toy for Kids (17.5"") Soft Plush NASA USA Astronauts",999,Brand New,0,False,
FUGGLER X JAWS 50th Anniversary - Ugly Monster- Zuru Shark Plush,1996,Brand New,651,False,
"Amber 12"" Red Fox Douglas Cuddle Plush Stuffed Animal Kit Vixen",1795,Brand New,0,True,
Adventure Planet Llama Alpaca Brown White 9” Tall Small Stuffed Animal Plush,350,Brand New,599,False,
"Dorit Duckling Plush Stuffed Animal Soft, Fluffy, Cute",1638,Brand New,0,True,
ZURU FUGGLER X THE POWER PUFF GIRLS BLOSSOM 9 INCH PLUSH NEW IN BOX,2495,Brand New,0,False,
TwCare Rainbow Friends 11.8in Orange Plush Stuffed Soft Gift Boys Grils Birthday,699,Brand New,0,False,98
Seal Sea Lion 9 Inch Stuffed Sea Animal Plush Toys Toddler Doll Kids Gifts,1899,Brand New,0,False,13
AiAi - Super Monkey Ball Plush Stuffed Animal Toy Factory 9” NEW 2024,1200,Brand New,,False,
"Cow Plushie, Super Soft, Cow Pillow, 25.7 Inch",999,Pre-Owned,620,False,
Jellycat Medium Wally Whale Plush Stuffed Animal Toy Retired Collectible Soft,1995,Pre-Owned,0,False,
Iscream Skittles Plush Stuffed Animal,1699,Brand New,0,False,
"Balloon Dog Puppy Iridescent Metallic Plush 9"" Stuffed Animal Plushie",399,Pre-Owned,550,False,
"30cm Wobbly Life Plush Toy, Yellow Game Character Doll, Gift for Fans & Kids",1498,Brand New,0,False,
Strawberry Bunny Plush Toy Cute Fruit Rabbit Stuffed Animal,1750,Brand New,0,True,
25cm Alien Xenomorph Cartoon Plush Doll Soft Stuffed Toy Kids Xmas Birthday Gift,1697,Brand New,0,False,
Strawberry Bunny Plush Toy Cute Fruit Rabbit Stuffed Animal,1750,Brand New,0,True,
Punch Orangutan Djungeskog Brown Ikea Plush 26in Punch Monkey Plush,2699,Brand New,0,False,
Adorable Plush Monkey Toy Soft Huggable Stuffed Animal Plushie Birthday Gift for,2199,Brand New,0,False,
Cute Alien Cat Plush Toy Super Soft Kawaii Stuffed Animal Pillow Gift,1769,Brand New,0,True,
"Jazwares Pokemon 12"" Venusaur Large Plush PKW4498 New with Tags NWT 🦎",2998,Brand New,0,False,
"American Greetings Big Foot LEGEND Sasquatch Plush Stuffed Toy 9""",1298,Brand New,499,False,
Siegfried The Schnauzer | 13 Inch Stuffed Animal Plush | By TigerHart Toys,1999,Brand New,0,True,66
"IKEA KRAMIG Panda Bear Plush 12"" Stuffed Animal Sewn Eyes",1488,Pre-Owned,500,False,
Ricky Rain Frog Plush Toy Super Soft Stuffed Animal Extra Cuddly Gifts For kids,1899,Brand New,0,False,
"IKEA Branded AFTONSPARV Alien Plush - Green - Genuine  13 ½"" Toy Official - USA",2799,Brand New,552,False,
"Douglas Toys Donna Donkey Muzzle Plush Stuffed Animal Toy, 7"" long",1595,Brand New,0,True,
"Fiesta Toys 14"" White Jellyfish Glittered Plush Stuffed Animal Toy",1500,Brand New,0,True,
Pokemon -Seviper Plush #336,1999,Brand New,450,False,
Protect Punch Monkey Plush Animal Mama & Baby Toy Stuffed Animal Nursery Decor,2999,Brand New,0,False,
Stuffed Dragon Homemade Toy Plush Doll Stuffed Animal Toy Gift,4387,Brand New,897,False,
"NEW IKEA DJUNGELSKOG 24"" LARGE PLUSH BROWN MONKEY ORANGUTAN VIRAL JAPAN PUNCH",4899,Brand New,0,False,49
"10"" Yarnaby Smiling Devil Lion Plush Toy Cute Horror Character Gift",3199,Brand New,0,False,
"Giant Snake Stuffed Animal, 110 inch Large Snake Lifelike Plush- 2 Pack",2199,Brand New,0,False,
"20cm Dart Monkey Plush Toy, Bloons TD Monkey Stuffed Doll, Cute Game Gift**",1490,Brand New,0,False,
Duck Cow Print Plush 2024 Easter Way To Celebrate 8” Soft Rubber Duckie Plush,599,Brand New,0,False,
Skelekitty Plush Keychain,1499,Brand New,0,False,16
"Wild Republic Black Tipped Shark, Plush Stuffed Animal, Plush",1195,Brand New,0,True,
ZURU FUGGLER X THE POWER PUFF GIRLS BLOSSOM 9 INCH PLUSH NEW IN BOX,2495,Brand New,0,False,
Adorable Plush Monkey Toy Soft and Huggable Stuffed Animal Plushie For Kids Gift,1991,Brand New,0,False,
Iscream Skittles Plush Stuffed Animal,1699,Brand New,0,False,
Warmies Brown Sloth Plush Animal Microwavable Freezable Lavender Scented NWT,999,Brand New,1000,True,
New Minecraft Axolotl Plush Light Blue 10” Toy Factory 2025,2000,Brand New,,False,
Catalina The Calico Cat | 14 Inch Stuffed Animal Plush | By TigerHart Toys,2099,Brand New,0,True,172
Ikea Famnig Large Plush Stuffed Sun Yellow Hands Sunshine Hug. Rare!,3599,Pre-Owned,1000,False,
"Zuru Fuggler Funny Ugly Monster Fart Face Fugglers Alien New In Box 9""",4000,Brand New,0,False,
20cm Game Dart Monkey Plush Toys Super Monkey King Stuffed Doll Kids Gift,1899,Brand New,0,False,
Chip Seagull Fun Stuffed Ocean Sea Bird  Soft Plush Toy For Kids Gift New,1899,Brand New,0,False,
American Greetings Mama LLAMA Plush Stuffed Animal White NWT,688,Brand New,688,True,
Wemmbu Plush Toys Game 20cm Plushies Stuffed Doll Soft Pillow Cuddly Gifts,1899,Brand New,0,False,
"30CM IKEA AFTONSPARV Alien Plush - Green Kids' Favorite 13 ½"" Soft Toy Anime NEW",749,Brand New,0,False,
Mini Rainbocorn Plush Sparkle Heart Surprise - Series 2- RANDOM,1298,Brand New,0,False,
"New Super Mario Bro. King Green Koopa Bowser 12"" Plush Toy Doll Stuffed Animal",1899,Brand New,0,True,
Ice Age Scrat Soft Plush Stuffed Toys Dolls Kids Gift 20cm,887,Brand New,0,False,
IKEA DJUNGELSKOG Orangutan Soft Toy - Brown,1899,Brand New,0,False,
Half-asleep Chris Plush Toys Cat Ralph Bella Stuffed Animal Doll Cute Kids Gift,2799,Brand New,0,False,
"2024 Original Squishmallows 8"" Frumpy the Grumpy Valentine Yeti Bigfoot Plush",300,Brand New,730,False,
Sweet Bunny  Blind Boxes  -perfect Easter Plush - New Sealed  In Box!,1199,Brand New,578,False,
"Kohl's Cares ""The Grouchy Ladybug"" Eric Carle Plush 11"" Stuffed Animal Toy NWT",999,Brand New,545,False,
"IKEA AFTONSPARV Alien Plush - Green Kids' Favorite 13 ½"" Soft Toy Anime(30cm)",950,Brand New,0,False,
"Pokemon scorbunny Raboot Plush Salamander Stuffed Animal Pillow, Birthday.. 12''",1290,Brand New,0,False,
Cute Snoopy Plush Toy 30cm Soft USA,999,Brand New,0,False,
The Dark Crystal Fizzgig Plushie #71000 Toy Vault 2006 Jim Henson NWT Plush,1349,Brand New,0,False,
IKEA DJUNGELSKOG Orangutan Plush Monkey Soft Toy Stuffed Animal-Approx. 24 Inch,4599,Brand New,1000,False,
"Giant Alligator Stuffed Animal, 67inch Soft Large Alligator Plush Toy, Big St...",7006,Brand New,0,True,
Nailong Dinosaur Stuffed Animal Cute Yellow Dinosaur Plush Soft Dino,1500,Brand New,783,True,
"Corie 6"" Black Cat Soft Mini Plush Douglas Stuffed Animal Cuddle Toy Lovey Doll",1595,Brand New,0,True,
"Adorable Plush EMPEROR PENGUIN Stuffed Animal - by Douglas Cuddle Toys 7"" Tall",899,Pre-Owned,539,False,
Gigglescape Valentines Day Snake With Heart Tongue Stuffed Animal Nwt,1299,Brand New,578,False,
RACCOON Small Plush Huggable Honeys Stuffed Toy,995,Brand New,545,False,
"Make Believe Ideas Pink Bunny Rabbit Stuffed Animal Plush Crinkle Snuggables 9""",1699,Brand New,652,False,
18cm Derpy Tiger Plush Toy Funny Stuffed Animal Cute Gift Kids Collectors,873,Brand New,0,False,
"Ringo 10"" + 4"" tail Raccoon Douglas Stuffed Animal Plush Cuddle Toy trash bandit",2045,Brand New,0,True,
"New 8"" LION PLUSH Stuffed Animal Plush Toy",1395,Brand New,0,True,
"Snow Dragon Stuffed Animal,19.5in - Mythical Plush Toy - Classic Children's Gift",3500,Brand New,0,False,
Squishmallows Lot 2 Stanley Panda Chuey Dino Plush w Tags Kellytoy Cute Gift,2699,Brand New,651,False,
20cm Game Dart Monkey Plush Toys Super Monkey King Stuffed Doll Kids Gift,1899,Brand New,0,False,
IKEA DJUNGELSKOG Orangutan Soft Toy - Brown,1899,Brand New,0,False,
Miss Delight 12 Inch Stuffed Animal Plush Toys Toddler Fluffy Dolls Kids Gifts,999,Brand New,0,False,
Squishmallows Lot 2 Stanley Panda Chuey Dino Plush w Tags Kellytoy Cute Gift,2699,Brand New,651,False,
"IKEA Branded AFTONSPARV Alien Plush - Green - Genuine  13 ½"" Toy Official - USA",2799,Brand New,552,False,
Super Hero Batman 18” Power Punch Pillow Buddy plush DC Comics,299,Pre-Owned,649,False,
"Adorable Plush EMPEROR PENGUIN Stuffed Animal - by Douglas Cuddle Toys 7"" Tall",899,Pre-Owned,539,False,
New Nee Doh Funky Pup Purple Squeeze Ball Super Squish In Hand FAST SHIP,1194,Brand New,595,True,14
Punch From IKEA With Tags DJUNGELSKOG Orangutan Soft Toy - Brown (104.028.41),4500,Brand New,0,False,
26cm Dandy’s World Plush Doll Bassie Plush Stuffed Toy Pillow Kids Gift Birthday,1199,Brand New,0,True,
Kohl’s Cares T-Rex Dinosaur Plush Multi Color Measures 11” NWT Are We There Yet,1299,Brand New,0,False,
Derpy Blue Tiger Minhwa Plush 4.5-Inches Keychain,350,Brand New,0,False,
Childrens Place Penguin Plush 10” Winter Hat Scarf Stuffed Animal Toy Cute,1499,Pre-Owned,599,False,
Cute Soothing Malachy Dragon Large Soft Plush Toys Stuffed Animal 22 in 55cm,2699,Brand New,0,False,
Frog And Toad Plush Set Of 2 Stuffed Animal Small Sekiguchi NEW US 2026,3299,Brand New,0,False,
5PCS Rainbow Sunny Bunnies Plush Toys Stuffed Soft Animal Doll TOY Gift Cartoon,3599,Brand New,0,True,
Miniso 14in Chunky Family Series plush pig toy Stuff Animal,1999,Brand New,699,False,
"Potato 14"" Manatee Douglas Plush Stuffed Animal Doll Cuddle Toy Sea  Cow",1995,Brand New,0,True,
Pokémon Squishmallows Rowlet Plush 14–15” Large w/ Original Tags,2999,Brand New,757,False,
Iscream Skittles Plush Stuffed Animal,1699,Brand New,0,False,
Takashoji Green Dinosaur Plush Round 1,1599,Brand New,577,False,
Cuddle Land Dog 13-Inch Plush Stuffed Animal,1000,Brand New,651,False,
Vintage Kellytoy Brown Monkey Plush with Long Arms • Soft Stuffed Animal,1399,Pre-Owned,872,False,
Kellytoy Della The Duck Squishmallow 8 Inch Soft Plush Toy,99,Pre-Owned,545,False,
"Wild Republic Black Tipped Shark, Plush Stuffed Animal, Plush",1195,Brand New,0,True,
Fuzzy Friends Chocolate Scented Easter Bunny Rabbit 7” Plush New w/ Tag,360,Brand New,552,False,
IKEA Orangutan Punch Monkey Plush 24” NWT Viral 104.028.41 DJUNGELSKOG AUTHENTIC,3995,Brand New,0,False,
"26 cm Dorit Duckling Plush Stuffed Animal Soft, Fluffy, Cute",1199,Brand New,0,False,
"Fuggler x SpongeBob Squarepants GARY the pet snail 4.5"" Keychain Plush NWT",1695,Brand New,0,False,
"GOFFA Brown Kangaroo Joey 7"" Plush Sitting Stuffed Animal Soft",600,Brand New,500,False,
Malachy Dragon - RARE - NWT - Stunning Toys Medium Plush Toys**,2799,Brand New,0,True,
AMUSEABLE COFFEE BEAN Soft Plush Toy CUTE Stuffed Food Collectible New in Box,2199,Brand New,0,False,
Animal Adventure Beige Bear  Plush 2004 Stuffed Animal toy 17” Pillow,1595,Pre-Owned,695,False,
NWT 2025 Summer Release Amuseables soft Sports Surfboard Cuddly Toys birthday gf,2688,Brand New,0,False,
Toyco Gray Bunny Plush Floppy Ear Easter Stuffed Rabbit New in Bag Gift,899,Brand New,0,False,
"Findley The Fly Plus From Lucas The Spider 8"" Soft Brand New In Package",500,Brand New,770,False,
Adorable Albee Bee Spring Plush Toy for Kids Super Soft Cuddly Cute Elepha Gift,890,Brand New,0,False,
Animal Adventure Pumpkin Dog Plush 10” Halloween Puppy Stuffed Animal 2011,1500,Pre-Owned,0,False,
IKEA DJUNGELSKOG Orangutan Soft Toy - Brown - Brand New with Tags,3299,Brand New,0,True,
"MorisMos Big Teddy Bear with I Love You Red Heart 36""  Cuddly Large  Teddy Bear",3999,Brand New,0,False,
Wemmbu Plush Toys Game 20cm Plushies Stuffed Doll Soft Pillow Cuddly Gifts,1681,Brand New,0,False,
"IKEA KRAMIG Panda Bear Plush 12"" Stuffed Animal Sewn Eyes",1488,Pre-Owned,500,False,
"18cm Derpy Tiger Plush Toy, Funny Stuffed Animal, Cute Gift for Kids & Collector",800,Brand New,0,False,
New Minecraft Axolotl Plush Light Blue 10” Toy Factory 2025,2000,Brand New,,False,
LACHLAN SAD RAT Plush Soft Stuffed Toy - Authentic NWT,2399,Brand New,0,False,
"ADORE 16"" Grooves the Sulcata Tortoise Plush Stuffed Animal Toy",2699,Brand New,0,False,
"30 Inch Giant Shark Stuffed Animal Pillow, Soft Shark Toys Big Shark Plush Pillo",2145,Brand New,0,True,
Authentic New Crayon Shin-chan Dinosaur Diary Plush Confirmed Red Plush,99,Brand New,687,False,
"Minecraft Ghast Plush Stuffed Animal White Gray Cube Mojang Synergies 2021 14""",1450,Pre-Owned,0,False,
Natural Opossum Plush Toy Stuffed Animal House NEW,1475,Brand New,600,False,
IKEA DJUNGELSKOG Orangutan Soft Toy - Brown (104.028.41) Monkey Plush Toys Gifts,2545,Brand New,399,False,
"Brown Bear Plush Terryville T Shirt Stuffed Animal 9""",1111,Pre-Owned,0,False,
"Mini Green Space Alien 4"" Ikea AFTONSPARV Plush Stuffed Animal Toy 705.624.31",699,Brand New,495,True,
"BMI Merchandise Plush Sushi Stuffed Food 6""",995,Pre-Owned,0,False,
Otto Sausage Dog New With Tag Plush Animal Playful Little Pal Soft Plush Toy,1499,Brand New,0,False,
LEGENDS Lunala 20 inches Plush Toy Switch Game Cartoon Stuffed Animal Teddy Doll,2699,Brand New,450,False,17
"Play Right Hug Me 13"" Llama Valentine Hearts Stuffed Animal Plush Toy 11""",700,Brand New,771,False,
Fluffy Friends by Stress Gear Squishy Plush Memory Foam Toy Cat 3”,999,Pre-Owned,0,False,
IKEA DJUNGELSKOG Orangutan Soft Toy - Brown,2500,Brand New,0,True,
"Toy Gift,Tiger Plush Toy Tiger Plush Stuffed Toy Tiger Stuffed",1708,Brand New,0,True,
Jellycat Inspired Cute Plush Bunny Bag Charm Floral Ear  Soft Stuffed Anima,1869,Brand New,0,False,
"RI One Large 28"" Standing Pink Giraffe Stuffed Animal Plush",6034,Brand New,0,False,
"Gobfrey Whale Shark Plush 40cm - New with Dust Bag & Tag, Ultra Soft",3510,Brand New,0,False,
"Foltyn Family Standard Plush 9.4"" Stuffed Animal Soft Plush Toy Collectible Gift",1676,Brand New,0,False,
"Kohl's Cares/Spirit - Rabbit 14"" Plush ""Goodnight Moon""  Book  Character",1250,Brand New,0,False,
New Bellzi Giraffi The Giraffe Plush 7” Velvety Soft,1979,Brand New,646,False,
Chongker Realistic British Shorthair Cat,99,Brand New,683,False,
"Clay the Claymore Plush Doll, 20cm Soft Stuffed Toy, Cute Anime Style Plush**",699,Brand New,0,False,
Deluxe Rainbow Pet Net - Stuffed Animal & Toy Organizer - Hammock blue trim flag,949,Brand New,0,False,
"Douglas Cuddle Toys Black Magic the Black Cat Plush Stuffed Animal RARE HTF 11""",2400,Pre-Owned,1205,False,
"Iscream Twizzlers Plush: Stuffed Toy, Food-Themed with Mini Plush inside- New!!",1400,Brand New,0,False,
Punch Orangutan Djungeskog Brown Ikea Plush 26in Punch Monkey Plush-US,1999,Brand New,0,False,
"Iscream Hershey's Kisses Plush: Stuffed Toy, Polyester, Food Theme, 9'' Height",1485,Brand New,0,False,
"New Shiny Charizard Plush Toy  12"" Collectible Soft Stuffed Animal Gift for Kids",1450,Brand New,0,True,
"Pink Panther Plush Stuffed Soft Toy Animal 23"" Doll Toy Baby Kids Height 60cm",2089,Brand New,0,False,
"Smoochy Pals Llama Stuffed Animal 15"" Pillow",1995,Brand New,695,False,
"10"" DJ Catnip Plush Toy Stufed Animal",1599,Brand New,0,False,
Zooble Plush Toy Amazing Digital Circus Cute Cartoon Character Gift,1221,Brand New,0,False,
"Ludo Plush Stuffed Animal – 9.8"" Soft Toy from Labyrinth Movie | Free Shipping",4599,Brand New,0,False,
Assorted Small Plush Stuffed Animals Monkey Otter Mouse Stingray Panther,1275,Pre-Owned,651,False,
"Banana Duck Plush 12"" Cute Peelable Duck Stuffed Animal Soft Cartoon Pillow Toy",1599,Brand New,0,True,
"Pokemon 18"" Sleeping Plush Teddiursa",1799,Brand New,0,True,1511
Punch Orangutan Djungeskog Monkey 26 inch IKEA with Tags REAL NOT FROM CHINA,3999,Brand New,599,False,
"Aurora Sprinkles Dragon 7"" Plush Toy Animal",923,Brand New,0,True,
"Great Horned Owl Plush Douglas Cuddle Toy Einstein Raptor Bird 10"" #3838",1499,Pre-Owned,578,False,
"Douglas Cuddle Toys Maggie the Mountain Goat # 4030 8"" Stuffed Animal Toy",1349,Brand New,0,False,
"Balloon Dog Puppy Iridescent Metallic Plush 9"" Stuffed Animal Plushie",399,Pre-Owned,550,False,
Pammie Palm Tree Plush Toy W/o Tags & With Dust Bag,3099,Brand New,0,False,
2026 Squishy Highland Cow Sensory Toys TikTok VIRAL IN HAND Brand New in Box,2499,Brand New,0,False,
Pokemon -LickiTung Plush #108,1999,Brand New,450,False,
"Shiny Charizard Plush Toy - 12"" Collectible Soft Stuffed Animal Gift for Kids",1194,Brand New,0,False,
Squishmallow Michaela the Leopard 12 inch NEW with Tags Pastel Cat,2199,Brand New,746,False,
Set of 3 Small Cartoon Plush Stuffed Animals Orange Yellow Pink 6-14 Inch,1500,Brand New,651,False,
Minecraft Plush Basket - Medium - NWT,999,Brand New,757,False,
"26 cm Dorit Duckling Plush Stuffed Animal Soft, Fluffy, Cute",1199,Brand New,0,False,
"Easter Bunny with Carrot Plush 7"" Stuffed Animal ~NEW~ Claw Machine Prize Rabbit",795,Brand New,0,False,
4ft Giant White Teddy Bear Plush Stuffed Animal Soft Huge Valentines Gift,3679,Brand New,0,True,
"Squishmallows Kellytoy Plush Hug Mees Henry the Turtle 10"" NWT New with Tag",1199,Brand New,0,False,
Douglas Cuddle Toy Zack Yellow Lab  Stuffed Animal Dog Puppy Plush,1154,Pre-Owned,577,False,
Srutirbo Giant Goose Stuffed Animal Plush Pillow White 37.5 Inch,2317,Brand New,0,False,
Animal Adventure Pumpkin Dog Plush 10” Halloween Puppy Stuffed Animal 2011,1500,Pre-Owned,0,False,
Puppy Dog Brown Tan Stuffed Plush About 11 inches tall Pink Sleep Mask,1344,Brand New,0,True,
"American Greetings Big Foot LEGEND Sasquatch Plush Stuffed Toy 9""",1298,Brand New,499,False,
Miranda Plush Bernese Mountain Dog Stuffed Animal #4070 Douglas Cuddle Toys,1499,Pre-Owned,530,False,
"30cm Black Cat Plush Toy, Cute Soft Stuffed Animal, Gift for Cat Lovers & Kids",1399,Brand New,0,False,
"Black  Kitten Cat Pendant Plush Toy 6"" Stuffed Animal Toddler Doll Gift for Kids",1245,Brand New,0,False,
"STABBITY BUNNY 16"" PLUSH Toy / Scout Comics Comic Series Brand NEW",2024,Brand New,0,True,
"HugFun Costco 1998 Brown Teddy Bear Poseable Red Blue Knitted Sweater Cap 9""",1500,Pre-Owned,0,True,
"7"" Scolipede Plush Soft Stuffed Doll Toy",1099,Brand New,0,False,
Douglas Sootie Dragon Soft Plush Stuffed Animal Toy #4622,2345,Brand New,0,False,
Douglas Cuddle Toys Brushy the Hamster # 1511 Stuffed Animal Toy,1145,Brand New,0,False,
New Jellycat Plush Toy With White Seal Galumphous Seal Soft Toy,3899,Brand New,0,True,
"Official Squishmallows 14"" Bicepa The Purple Chow Chow 14-inch Jazwares Plush",1000,Brand New,741,False,
"Lamb Sheep Plush w/ Hat, Metal Wired Movable Legs Fleece Body Stuffed Animal",1299,Pre-Owned,0,False,
"Sea Turtle Finger Puppet Plush Toy 3"" Stuffed Animal Toddler Doll Gift for Kids",870,Brand New,0,False,
DreamWorks Gabby’s Dollhouse CatRat Plush Toy - Blue - 10.5 in 27 cm,1699,Brand New,0,True,
"Fuggler x SpongeBob Squarepants GARY the pet snail 4.5"" Keychain Plush NWT",1695,Brand New,0,False,
Ice Age Scrat Soft Plush Stuffed Toys Dolls Kids Gift 20cm,887,Brand New,0,False,
"MorisMos Love Heart Giant Teddy Bear, 36inch Big Love Bears with Bow Tie, Large",3499,Brand New,0,False,
New Curvaso White Tiger Large Cuddly Plush Animal Stuffed Soft Toy Gift 30cm,1684,Brand New,0,False,
Chase Border Collie Dog Plush Stuffed Animal | 16-Inch,5166,Brand New,0,False,
"RI 7"" Heirloom Buddy Hyena",1979,Brand New,0,False,
Rainbow Friends Plush Toys Purple Plush Stuffed Toy Cartoon Kids Doll Gift New,2389,Brand New,0,False,
"Stuffed Animal Storage, Wood Stuffed Animal Zoo Storage with Brake Wheels, Space",5799,Brand New,0,False,
12'' Light Up Rabbit Stuffed Animal Bunny Plush Toy with LED Light Gift for Kids,1499,Brand New,0,True,
Gabby's Dollhouse Blue Cat Rat Plush Toy 8-Inch Purr-ific Doll,899,Brand New,0,False,
"Animal Crossing New Horizons Flick 8"" Plush Little Buddy Official Nintendo 1837",2495,Brand New,0,True,
Squishmallow  Cow Dark with Purple & Teal Heart 5.5” Plush Valentine’s Edition,1299,Brand New,0,False,
"Angry Rabbit Plush Toy, 30cm Large Size Stuffed Bunny, Grumpy Cute Plush Doll",1949,Brand New,0,False,
"2026 DanDee Quackerz Soccer Duck “Striker” Plush 7"" Stuffed Animal NWT",1297,Brand New,770,False,
"Kohl's Cares Doll 18"" Diary of a Wimpy Kid Greg Heffley DOLL NEW NWT",999,Brand New,539,False,
10.2IN Jellycat Smudge Monkey Medium NWT with Dust Bag Plush Gift,3188,Brand New,0,True,72
"8"" Rainbow Splatter Spider. Soft, Furry Plush With Hard Eyes. Stuffed Animal.",1799,Brand New,0,False,
Punch From IKEA With Tags DJUNGELSKOG Orangutan Soft Toy - Brown (104.028.41),3799,Brand New,0,False,
Cute Monkey Plush Keychain Soft Stuffed Animal Bag Pendant Viral Punch Style Mon,1320,Brand New,0,False,
Jellycat Inspired Cute Plush Bunny Bag Charm Floral Ear  Soft Stuffed Anima,1869,Brand New,0,False,
20cm Cute Monkey Plush Keychain Soft Stuffed Animal Backpack Pendant,999,Brand New,0,False,
12cm Cute Graduation Doctor Teddy Bear Stuffed Toy Animal Plush with Cap & Gown,150,Brand New,0,False,
Adorable Authentic Medium Blossom Blush Bunny Cherry Plush Toy NWT /Dust Bag,1999,Brand New,0,False,
Punch Orangutan Djungeskog Brown Ikea Plush 26in Punch Monkey Plush,2080,Brand New,0,False,
"Rhinoceros Plush Gray with Corduroy Horns Brown Eyes 16"" Stuffed Animal",560,Pre-Owned,630,False,
Turquoise The Green Sea Turtle | 10 Inch Stuffed Animal Plush,1699,Brand New,0,True,
"Ocean Safe Sea Turtle 8"" Plush Stuffed Animal Toy Soft Baby Toddler Plush Age 0+",1395,Brand New,0,True,
25cm New Foltyn Family Standard Plush Toy Anime Plush Toy Plush Toy Stuffed,1500,Brand New,0,False,
"New 8"" LION PLUSH Stuffed Animal Plush Toy",1395,Brand New,0,True,
"Brown Bunny Rabbit Plush Toy 8"" Stuffed Animal Toddler Doll Gift for Kids",1296,Brand New,0,False,
"16"" Rabbit Pillow Plush Toy, Miffy Sweet Doll Cushion, Cute Gift for Kids & Fans",1274,Brand New,0,False,
"WILD REPUBLIC ALLIGATOR 23"" CUDDLEKINS PLUSH STUFFED ANIMAL TOY WR11653",2295,Brand New,412,True,
"Douglas Toys Demi Purple Dragon Fly Plush Stuffed Animal Toy, 12""",1695,Brand New,0,True,
Douglas Sootie Dragon Soft Plush Stuffed Animal Toy #4622,2345,Brand New,0,False,
Highland Cow Plush Doll – 28 cm Cute Cuddly Stuffed Animal,1395,Brand New,295,False,30
Punch Orangutan Djungeskog Brown Ikea Plush 26in Punch Monkey Plush,2678,Brand New,0,True,
Kohl’s Cares T-Rex Dinosaur Plush Multi Color Measures 11” NWT Are We There Yet,1299,Brand New,0,False,
Punch Orangutan Djungeskog Brown Ikea Plush 26in Punch Monkey Plush,2489,Brand New,0,True,
MGA Entertainment Pui Pui Molcar 16-Inch Shiromo Ultrasoft Stuffed Plush,900,Brand New,630,False,
"ADORE 16"" Grooves the Sulcata Tortoise Plush Stuffed Animal Toy",2699,Brand New,0,False,
Douglas Chap Golden Retriever Dog Plush Toy Stuffed Animal 10” Puppy Pup NEW,1895,Brand New,0,False,98
Gabby's Dollhouse Blue Cat Rat Plush Toy 8-Inch Purr-ific Doll,898,Brand New,0,False,
Cute Bear Plush Toy with Bandana – 25cm Soft Stuffed Doll,1799,Brand New,0,False,
"RI One Jumbo 67"" Ocean Safe Giant Eco Stingray Stuffed Animal Plush",7699,Brand New,0,False,
"10.63"" Hollow Knight Plush Toy Soft Stuffed Animal Cartoon Game Hollow Perfect.",1099,Brand New,0,False,
"Pizza Rat 6.5"" Macaroon Douglas Cuddle stuffed animal toy rodent foodie mouse",1845,Brand New,0,True,61
"Apex Legends NESSIE PLUSH 6"" Stuffed Animal Figure Collectible Toy Green NEW NWT",1497,Brand New,0,False,
Kitten Cat 5 Inch Stuffed Animal Plush Toys Toddler Doll Kids Gifts,1099,Brand New,0,False,16
Holztiger Hippo Mama,1595,Brand New,895,False,
Small Brown White Dog Plush Stuffed Animal Toy 6-14 in Soft Beanbag Style,500,Pre-Owned,530,False,
Minions Minion Stuffed Plush Kids Toy NEW Lot of 3 Rise Of Gru Gift Birthday,979,Brand New,885,False,
Pressure Sebastian Solace Plush 27Cm Plush Doll Stuffed Toy Cartoon Style,1130,Brand New,0,False,28
Swaddle Babies TIGER 9” Plush Stuffed Animal Toy by Fiesta w/ Sling,800,Pre-Owned,639,False,
FUGGLER X JAWS 50th Anniversary - Ugly Monster- Zuru Shark Plush,1996,Brand New,651,False,
Wildlife Plush - Hipster,1499,Brand New,0,True,
"Jazwares Toys 2022 Nintendo Stuffed Pokemon 8"" Plush Litten",1500,Brand New,0,False,
Igor The Iguana | 27 Inch Stuffed Animal Plush | By TigerHart Toys,1999,Brand New,0,True,150
"Squishmallow Kellytoy Plush Limited Squad Eden The Purple Big Foot Yeti 8"" NWT",1099,Brand New,0,False,
"Jazwares Pokémon Soft Plush 8"" Fidough New with Tag",1499,Brand New,0,False,
"Minecraft Parrot Plush Stuffed Animal  8""",1899,Brand New,0,False,
"Seymour 8"" Seagull Stuffed Animal Plush Bird Douglas Cuddle Doll Lovey Sea Gull",1595,Brand New,0,True,
Cute Cartoon Capybara Pendant Plush Toy Doll Bag Hanging Ornaments Cute Random,568,Brand New,0,False,
NWT Viral Punch Monkey Plush Toy – 66cm Extra Large Kawaii Soft Stuffed Animal,4335,Brand New,0,True,
"Gobfrey Whale Shark Plush 40cm - New with Dust Bag & Tag, Ultra Soft",3510,Brand New,0,False,
